{"mean":{"confidence_interval":{"confidence_level":0.95,"lower_bound":-0.004750736481130582,"upper_bound":0.00581516622765344},"point_estimate":0.00033744498082755037,"standard_error":0.0026869194834701947},"median":{"confidence_interval":{"confidence_level":0.95,"lower_bound":-0.003866644827361654,"upper_bound":0.005402700032741345},"point_estimate":0.0008526271304771793,"standard_error":0.0026305114559536475}}