{"mean":{"confidence_interval":{"confidence_level":0.95,"lower_bound":-0.0002043444698657998,"upper_bound":0.000989681955564803},"point_estimate":0.00037981294244859853,"standard_error":0.000304039575715453},"median":{"confidence_interval":{"confidence_level":0.95,"lower_bound":-0.00003797149848938641,"upper_bound":0.00048345173492458926},"point_estimate":0.00014844155494797562,"standard_error":0.00013481955526635386}}