{"mean":{"confidence_interval":{"confidence_level":0.95,"lower_bound":-0.002179301561308078,"upper_bound":-0.0005389396802206711},"point_estimate":-0.0013419639868922362,"standard_error":0.0004201641987430501},"median":{"confidence_interval":{"confidence_level":0.95,"lower_bound":-0.0013655703729226016,"upper_bound":0.0006122226953884745},"point_estimate":0.00011799743613316593,"standard_error":0.0005391109523570682}}