{"mean":{"confidence_interval":{"confidence_level":0.95,"lower_bound":0.0007917989107557478,"upper_bound":0.002537869098814871},"point_estimate":0.001647959020419698,"standard_error":0.0004476931800489142},"median":{"confidence_interval":{"confidence_level":0.95,"lower_bound":-0.000209062293033635,"upper_bound":0.0015251770729816094},"point_estimate":0.0002543023367456154,"standard_error":0.0004675611778394071}}