{"mean":{"confidence_interval":{"confidence_level":0.95,"lower_bound":-0.3248544891031645,"upper_bound":-0.320054766463004},"point_estimate":-0.3224799296224592,"standard_error":0.0012236807162204384},"median":{"confidence_interval":{"confidence_level":0.95,"lower_bound":-0.32589122075320853,"upper_bound":-0.3210810243267269},"point_estimate":-0.32368443314657924,"standard_error":0.001558897835652441}}