{"mean":{"confidence_interval":{"confidence_level":0.95,"lower_bound":0.02601242070008969,"upper_bound":0.04727661555763591},"point_estimate":0.036819642311488154,"standard_error":0.005404048438145476},"median":{"confidence_interval":{"confidence_level":0.95,"lower_bound":0.0034831897285685365,"upper_bound":0.0327957421979137},"point_estimate":0.01684211865817975,"standard_error":0.00787724306647657}}