{"mean":{"confidence_interval":{"confidence_level":0.95,"lower_bound":0.0018509212423005906,"upper_bound":0.022018608460710718},"point_estimate":0.010015324853889673,"standard_error":0.005092187601486137},"median":{"confidence_interval":{"confidence_level":0.95,"lower_bound":-0.0005015625087698705,"upper_bound":0.010673452449546185},"point_estimate":0.003930291087578253,"standard_error":0.0028282081653125345}}