{"mean":{"confidence_interval":{"confidence_level":0.95,"lower_bound":-0.004667529307039409,"upper_bound":0.005701400664245848},"point_estimate":0.00032514854505194535,"standard_error":0.0026478581361632655},"median":{"confidence_interval":{"confidence_level":0.95,"lower_bound":-0.0009609237203684895,"upper_bound":0.00345780798712525},"point_estimate":0.0013413936645489954,"standard_error":0.0011859112823488414}}