{"mean":{"confidence_interval":{"confidence_level":0.95,"lower_bound":0.45417919001900237,"upper_bound":0.4805905236808462},"point_estimate":0.468991113497254,"standard_error":0.006772482565744061},"median":{"confidence_interval":{"confidence_level":0.95,"lower_bound":0.47038969258276886,"upper_bound":0.4847791371327663},"point_estimate":0.4797556305189652,"standard_error":0.003647195072573439}}