{"mean":{"confidence_interval":{"confidence_level":0.95,"lower_bound":-0.06711367946777609,"upper_bound":-0.047609302957528854},"point_estimate":-0.05729297165760505,"standard_error":0.004972924017443514},"median":{"confidence_interval":{"confidence_level":0.95,"lower_bound":-0.05895435256758386,"upper_bound":-0.021359913041543388},"point_estimate":-0.03469166958342074,"standard_error":0.009606378948877874}}