{"mean":{"confidence_interval":{"confidence_level":0.95,"lower_bound":-0.0053309797277043105,"upper_bound":0.0006418545386667796},"point_estimate":-0.0023406805011314535,"standard_error":0.0015161418807237985},"median":{"confidence_interval":{"confidence_level":0.95,"lower_bound":-0.006003206119179804,"upper_bound":-0.0025537888080865434},"point_estimate":-0.005083311489493703,"standard_error":0.0009499294174619168}}