{"mean":{"confidence_interval":{"confidence_level":0.95,"lower_bound":0.017232200893315574,"upper_bound":0.034775630310720444},"point_estimate":0.025730056256796807,"standard_error":0.0045033652584211895},"median":{"confidence_interval":{"confidence_level":0.95,"lower_bound":0.001926184818962175,"upper_bound":0.011696889427861512},"point_estimate":0.0053727454326450985,"standard_error":0.0025351683729907763}}