{"mean":{"confidence_interval":{"confidence_level":0.95,"lower_bound":-0.006679564965031287,"upper_bound":0.0006679871501169441},"point_estimate":-0.0028100213357042936,"standard_error":0.0018764779753852334},"median":{"confidence_interval":{"confidence_level":0.95,"lower_bound":-0.002121885619950815,"upper_bound":0.0033347322921386947},"point_estimate":0.0015236211298006452,"standard_error":0.001478003135044852}}