{"mean":{"confidence_interval":{"confidence_level":0.95,"lower_bound":-0.02890498583315468,"upper_bound":-0.010230771915709732},"point_estimate":-0.019417972489767732,"standard_error":0.004771480075665915},"median":{"confidence_interval":{"confidence_level":0.95,"lower_bound":-0.012448036895860604,"upper_bound":-0.0001981916205067158},"point_estimate":-0.006439262975908799,"standard_error":0.00313780705995338}}