{"mean":{"confidence_interval":{"confidence_level":0.95,"lower_bound":-0.04397712261373886,"upper_bound":-0.03756902011566384},"point_estimate":-0.04075459559313688,"standard_error":0.0016319054892026904},"median":{"confidence_interval":{"confidence_level":0.95,"lower_bound":-0.04091438057119989,"upper_bound":-0.03631550651976756},"point_estimate":-0.038302836219607284,"standard_error":0.00123071032106471}}