{"mean":{"confidence_interval":{"confidence_level":0.95,"lower_bound":2.652476326309268,"upper_bound":2.6671389507021086},"point_estimate":2.658883146827888,"standard_error":0.0037239651753798943},"median":{"confidence_interval":{"confidence_level":0.95,"lower_bound":2.6453095178998476,"upper_bound":2.655234491476511},"point_estimate":2.6481834499502135,"standard_error":0.0028335062387933128},"median_abs_dev":{"confidence_interval":{"confidence_level":0.95,"lower_bound":0.014987548078354885,"upper_bound":0.024756569843796036},"point_estimate":0.01890015558034974,"standard_error":0.002673087154478043},"slope":{"confidence_interval":{"confidence_level":0.95,"lower_bound":2.650122548562942,"upper_bound":2.6600467768383536},"point_estimate":2.6548312648181813,"standard_error":0.0025095009844952345},"std_dev":{"confidence_interval":{"confidence_level":0.95,"lower_bound":0.020252271273534732,"upper_bound":0.05544444968268861},"point_estimate":0.037438000909109447,"standard_error":0.01041333046513344}}