{"mean":{"confidence_interval":{"confidence_level":0.95,"lower_bound":-0.041310601779152044,"upper_bound":-0.03768627430967853},"point_estimate":-0.03957402544087962,"standard_error":0.0009172982328432129},"median":{"confidence_interval":{"confidence_level":0.95,"lower_bound":-0.042084770932414764,"upper_bound":-0.03949169752148829},"point_estimate":-0.04092624599681105,"standard_error":0.0006699975707126042}}