{"mean":{"confidence_interval":{"confidence_level":0.95,"lower_bound":0.04017215772320835,"upper_bound":0.043042045486013064},"point_estimate":0.04151683329274958,"standard_error":0.0007227404187701866},"median":{"confidence_interval":{"confidence_level":0.95,"lower_bound":0.03919560465308073,"upper_bound":0.041753046289787266},"point_estimate":0.04039162163990517,"standard_error":0.0006813949973276138}}