{"mean":{"confidence_interval":{"confidence_level":0.95,"lower_bound":-0.0022394430978750074,"upper_bound":-0.00008918131381608088},"point_estimate":-0.0011243740111795963,"standard_error":0.0005479031928750148},"median":{"confidence_interval":{"confidence_level":0.95,"lower_bound":-0.0016595612318793806,"upper_bound":-0.000011359644218056353},"point_estimate":-0.0007622662567726701,"standard_error":0.00042233105174239684}}