{"mean":{"confidence_interval":{"confidence_level":0.95,"lower_bound":-0.010699715524717712,"upper_bound":-0.002118669776642942},"point_estimate":-0.005457635812466721,"standard_error":0.0022802547537933184},"median":{"confidence_interval":{"confidence_level":0.95,"lower_bound":-0.004724510734025911,"upper_bound":-0.0021078633632706234},"point_estimate":-0.003261521602308637,"standard_error":0.0006640172107580975}}