{"mean":{"confidence_interval":{"confidence_level":0.95,"lower_bound":-0.015168174959271963,"upper_bound":-0.012709545393414606},"point_estimate":-0.013971150068884608,"standard_error":0.0006255971079995121},"median":{"confidence_interval":{"confidence_level":0.95,"lower_bound":-0.014641362481936437,"upper_bound":-0.012309637770530846},"point_estimate":-0.013456277639040226,"standard_error":0.0006177318884330554}}