{"mean":{"confidence_interval":{"confidence_level":0.95,"lower_bound":3.6125882961462246,"upper_bound":3.629708808890173},"point_estimate":3.6207456586361024,"standard_error":0.004371548765410289},"median":{"confidence_interval":{"confidence_level":0.95,"lower_bound":3.5965206149314994,"upper_bound":3.6052737289161763},"point_estimate":3.5982106376752565,"standard_error":0.0023141029105787185},"median_abs_dev":{"confidence_interval":{"confidence_level":0.95,"lower_bound":0.006614309297183878,"upper_bound":0.019672800443856005},"point_estimate":0.010108153473458295,"standard_error":0.0034712084520006096},"slope":{"confidence_interval":{"confidence_level":0.95,"lower_bound":3.6142310569028124,"upper_bound":3.631544644457098},"point_estimate":3.6225641335551746,"standard_error":0.004434644934189964},"std_dev":{"confidence_interval":{"confidence_level":0.95,"lower_bound":0.03359779894878586,"upper_bound":0.052497970455881796},"point_estimate":0.04398219716681492,"standard_error":0.0048188159365226985}}