{"mean":{"confidence_interval":{"confidence_level":0.95,"lower_bound":0.003491248288681132,"upper_bound":0.012922160467356506},"point_estimate":0.008484103656499098,"standard_error":0.0024139607871694535},"median":{"confidence_interval":{"confidence_level":0.95,"lower_bound":0.001990687526299384,"upper_bound":0.010585532278673648},"point_estimate":0.004144111543558315,"standard_error":0.002369648103480412}}