{"mean":{"confidence_interval":{"confidence_level":0.95,"lower_bound":-0.027091206257446886,"upper_bound":-0.021707351772533186},"point_estimate":-0.02433470675332705,"standard_error":0.0013754538022393793},"median":{"confidence_interval":{"confidence_level":0.95,"lower_bound":-0.02851923030432213,"upper_bound":-0.022434333339200196},"point_estimate":-0.02543399498043397,"standard_error":0.0016066921606470014}}