{"mean":{"confidence_interval":{"confidence_level":0.95,"lower_bound":0.008068825786874107,"upper_bound":0.013599855574403694},"point_estimate":0.010769351496670465,"standard_error":0.0014207007560848213},"median":{"confidence_interval":{"confidence_level":0.95,"lower_bound":0.0060131818659852065,"upper_bound":0.020949217363037897},"point_estimate":0.017819294529488605,"standard_error":0.00320153395415707}}