{"mean":{"confidence_interval":{"confidence_level":0.95,"lower_bound":-0.008550788504624174,"upper_bound":-0.0015720867641516782},"point_estimate":-0.004877250134125211,"standard_error":0.0017712550160286018},"median":{"confidence_interval":{"confidence_level":0.95,"lower_bound":-0.004565953913090448,"upper_bound":0.0005163207285476812},"point_estimate":-0.0024113287765081814,"standard_error":0.0014295736944886987}}