{"mean":{"confidence_interval":{"confidence_level":0.95,"lower_bound":-0.04794422048171201,"upper_bound":-0.0402666785988874},"point_estimate":-0.04446267904160395,"standard_error":0.0019531896106816287},"median":{"confidence_interval":{"confidence_level":0.95,"lower_bound":-0.05465825743325603,"upper_bound":-0.03985419447002986},"point_estimate":-0.05125921628101848,"standard_error":0.0034400167760724855}}