{"mean":{"confidence_interval":{"confidence_level":0.95,"lower_bound":-0.044128213581815366,"upper_bound":-0.03912254419703933},"point_estimate":-0.04162742705422018,"standard_error":0.0012885798726268373},"median":{"confidence_interval":{"confidence_level":0.95,"lower_bound":-0.042756160604425664,"upper_bound":-0.03735838252778323},"point_estimate":-0.03933049161644386,"standard_error":0.001510657863423161}}