{"mean":{"confidence_interval":{"confidence_level":0.95,"lower_bound":0.018180721536780804,"upper_bound":0.023816507118653272},"point_estimate":0.02096437284635888,"standard_error":0.001434008834522547},"median":{"confidence_interval":{"confidence_level":0.95,"lower_bound":0.016691911224223865,"upper_bound":0.02639873473891563},"point_estimate":0.020908528596416787,"standard_error":0.002376031779729559}}