{"mean":{"confidence_interval":{"confidence_level":0.95,"lower_bound":-0.0021224661878553285,"upper_bound":0.003829346307138231},"point_estimate":0.000790187955031163,"standard_error":0.0015202291974623276},"median":{"confidence_interval":{"confidence_level":0.95,"lower_bound":-0.002275868761551836,"upper_bound":0.004348360172747867},"point_estimate":0.0023954473913683216,"standard_error":0.001627297342153186}}