{"mean":{"confidence_interval":{"confidence_level":0.95,"lower_bound":-0.006056831703352539,"upper_bound":0.0005656702111486435},"point_estimate":-0.002677203267193673,"standard_error":0.0016893279712608847},"median":{"confidence_interval":{"confidence_level":0.95,"lower_bound":-0.009421027302483037,"upper_bound":0.0030207306374403498},"point_estimate":-0.002977037829050566,"standard_error":0.003239866376082054}}