{"mean":{"confidence_interval":{"confidence_level":0.95,"lower_bound":-0.004549495017052257,"upper_bound":0.0009911588109788032},"point_estimate":-0.0017216170268200548,"standard_error":0.0014114227390487934},"median":{"confidence_interval":{"confidence_level":0.95,"lower_bound":-0.005456163086915759,"upper_bound":0.0002997181470079102},"point_estimate":-0.0035093632167217947,"standard_error":0.0015308071867791554}}