{"mean":{"confidence_interval":{"confidence_level":0.95,"lower_bound":-0.40451783913312117,"upper_bound":-0.40175020343304735},"point_estimate":-0.4032235473685428,"standard_error":0.0006996285140714173},"median":{"confidence_interval":{"confidence_level":0.95,"lower_bound":-0.4053996833765754,"upper_bound":-0.4026309485847289},"point_estimate":-0.40394601004369457,"standard_error":0.0006713676666401686}}