{"mean":{"confidence_interval":{"confidence_level":0.95,"lower_bound":0.001907079400830236,"upper_bound":0.00650839536153926},"point_estimate":0.00420687339217829,"standard_error":0.0011680812139571537},"median":{"confidence_interval":{"confidence_level":0.95,"lower_bound":-0.00013071912025908183,"upper_bound":0.005220329975338611},"point_estimate":0.002837429028000882,"standard_error":0.0013724517644096007}}