{"mean":{"confidence_interval":{"confidence_level":0.95,"lower_bound":-0.0058283820983196,"upper_bound":-0.0018858411893514567},"point_estimate":-0.0037309466439268135,"standard_error":0.0010104846839103438},"median":{"confidence_interval":{"confidence_level":0.95,"lower_bound":-0.003562135977247194,"upper_bound":-0.0005693136669797649},"point_estimate":-0.002070459048079676,"standard_error":0.000755131252205254}}