{"mean":{"confidence_interval":{"confidence_level":0.95,"lower_bound":-0.0027562568102068585,"upper_bound":0.0015268397568497516},"point_estimate":-0.0007371452178408511,"standard_error":0.0010768972004794384},"median":{"confidence_interval":{"confidence_level":0.95,"lower_bound":-0.004067760399669773,"upper_bound":-0.0005682060442425696},"point_estimate":-0.0024003809389235853,"standard_error":0.0008649167196878944}}