{"mean":{"confidence_interval":{"confidence_level":0.95,"lower_bound":-0.0007863935425490021,"upper_bound":0.0014726450135532031},"point_estimate":0.0003356567272561062,"standard_error":0.0005788526792581487},"median":{"confidence_interval":{"confidence_level":0.95,"lower_bound":-0.0011524658236454766,"upper_bound":0.0018568424927603022},"point_estimate":0.00021796004888829934,"standard_error":0.0007698079475422694}}