{"mean":{"confidence_interval":{"confidence_level":0.95,"lower_bound":-0.005216967063035649,"upper_bound":-0.0016605422012126838},"point_estimate":-0.0034108828812599024,"standard_error":0.0009027476101244868},"median":{"confidence_interval":{"confidence_level":0.95,"lower_bound":-0.005037665153700854,"upper_bound":-0.0013430922885898952},"point_estimate":-0.003310812229907256,"standard_error":0.0009278101250659428}}