{"mean":{"confidence_interval":{"confidence_level":0.95,"lower_bound":-0.0030147646291894645,"upper_bound":0.0014748437663096624},"point_estimate":-0.0007208237249594074,"standard_error":0.0011391216332004713},"median":{"confidence_interval":{"confidence_level":0.95,"lower_bound":-0.002257769802005553,"upper_bound":0.00020352518579214163},"point_estimate":-0.0010543417735119354,"standard_error":0.0005960218974806445}}