{"mean":{"confidence_interval":{"confidence_level":0.95,"lower_bound":0.005250818594862494,"upper_bound":0.009166313895672872},"point_estimate":0.007145482320737528,"standard_error":0.0009976948650523725},"median":{"confidence_interval":{"confidence_level":0.95,"lower_bound":0.007246493191654935,"upper_bound":0.010191741838986967},"point_estimate":0.008822775350386003,"standard_error":0.0008006068807761787}}