{"mean":{"confidence_interval":{"confidence_level":0.95,"lower_bound":-0.006211508786700947,"upper_bound":-0.0005931248088373503},"point_estimate":-0.003354129243477111,"standard_error":0.0014269406121182734},"median":{"confidence_interval":{"confidence_level":0.95,"lower_bound":-0.0063641866276574754,"upper_bound":0.0010867021611991046},"point_estimate":-0.0012294731226847322,"standard_error":0.0019354686049199642}}