{"mean":{"confidence_interval":{"confidence_level":0.95,"lower_bound":-0.010680105266318086,"upper_bound":-0.007622469083090416},"point_estimate":-0.009120356443966138,"standard_error":0.0007779294609965923},"median":{"confidence_interval":{"confidence_level":0.95,"lower_bound":-0.011038761130812813,"upper_bound":-0.007971565447352336},"point_estimate":-0.009831079727280922,"standard_error":0.000810032216208925}}